match_id,map_name,team1_pred,team2_pred,team1_real,team2_real,confidence
2381544,Dust2,1.1033755852751268,1.1225629114681426,13,10,0.064
2381544,Anubis,3.9136761184416997,0.835778072927075,13,8,0.064
2381545,Dust2,-0.26239449012563715,1.94801219039079,8,13,0.118
2381545,Nuke,2.555408835240477,3.6757403165516664,15,19,0.115
2381546,Nuke,1.88320969581128,-0.06447166771729883,13,11,0.185
2381546,Dust2,2.30787891108987,-0.18453913646072428,13,7,0.185
2381547,Anubis,0.9844985327947844,0.3927544324088781,13,9,0.278
2381547,Train,3.5854314861807977,1.8903170693198632,7,13,0.278
2381547,Nuke,1.709628418156164,1.2278738321333784,13,8,0.274
2381791,Ancient,0.20220195760465343,1.8061473348336412,8,13,0.144
2381791,Nuke,2.6991466167459306,2.757199362759563,8,13,0.134
2381792,Ancient,-0.40126782260710697,1.2522312444337353,10,13,0.061
2381792,Train,0.39420782008616756,1.934523904711386,20,22,0.061
2381793,Anubis,2.6929146071854895,1.201931710815258,13,10,0.147
2381793,Ancient,1.885845319718572,1.497922592157433,16,14,0.147
2381903,Mirage,1.9802400831921343,1.3764882969285608,13,6,0.179
2381903,Ancient,3.164378622198805,2.351984380901015,5,13,0.182
2381903,Anubis,0.16222885855558564,2.411082743546729,10,13,0.169
2381904,Nuke,-0.2193309858337513,1.9889285571059216,13,16,0.246
2381904,Dust2,0.4930472869420119,2.2977743192674414,10,13,0.249
2381905,Dust2,1.1479163651898998,1.8506674714552371,13,10,0.252
2381905,Mirage,-0.09076068580053508,1.9825124114071255,3,13,0.252
2381905,Ancient,-0.009049300530328905,2.1151280863559867,13,16,0.252
2381905,Anubis,1.0957737597055248,1.8506674714552371,13,8,0.252
2381905,Train,0.5062008339881489,2.6637388025220274,13,6,0.255
2381906,Inferno,3.8552110635192602,2.1549649845269068,13,7,0.046
2381906,Dust2,6.505566217177429,1.9162645115457684,13,6,0.045
2381907,Nuke,5.846719672972336,2.315139353888324,13,9,0.017
2381907,Inferno,5.185649644246287,0.9871450681203886,11,13,0.017
2381907,Dust2,3.5435065202476888,0.5274001319477828,13,0,0.017
2381908,Mirage,2.055141182127245,-0.7838215748296993,13,2,0.04
2381908,Nuke,4.928972961318049,1.601712301574171,13,9,0.038
2381909,Dust2,-0.21851129552398255,2.3863795263789624,6,13,0.027
2381909,Ancient,-0.2801167959458895,2.8136836073833376,10,13,0.027
2381910,Inferno,0.5896734846391195,3.305922089281354,10,13,0.027
2381910,Anubis,3.8164043906954435,2.9998902826051825,5,13,0.027
2381911,Mirage,1.8725347728542339,0.8230937010507519,13,9,0.034
2381911,Inferno,0.28571628092128437,0.5340375670245875,9,13,0.034
2381911,Train,0.2261929733662962,2.049558197216202,8,13,0.034
2381912,Inferno,0.25249798214600355,3.2919214069340943,11,13,0.035
2381912,Nuke,3.09070686015602,4.120381936786852,18,22,0.035
2381913,Mirage,3.5622181755774824,0.12549719022243905,13,4,0.032
2381913,Ancient,0.8187099585489774,2.146865389573193,6,13,0.033
2381913,Dust2,0.7295019361643162,2.5188797245666525,12,16,0.033
2381914,Dust2,5.010234447252154,0.8275866559258996,13,11,0.028
2381914,Mirage,2.2760606799531153,0.6273607545067736,13,2,0.028
2381915,Anubis,3.1209072291226847,4.517009602699698,7,13,0.046
2381915,Dust2,-0.20101833803542174,3.221453698202518,2,13,0.046
2381916,Nuke,3.703974614881742,0.7993840964839423,16,14,0.032
2381916,Dust2,3.9837826478546288,0.45350148387924805,13,6,0.032
2381917,Mirage,2.0094209936474505,1.6261398253768748,13,8,0.033
2381917,Nuke,2.161205156550357,1.7465681683942857,13,9,0.033
2381918,Inferno,1.9290874315386357,2.2693130473277012,13,9,0.034
2381918,Dust2,3.268037126687867,1.8635511706142789,6,13,0.033
2381918,Train,0.48529685564646186,1.1060696339317488,6,13,0.034
2381918,Mirage,2.131529749248714,2.2719811416220805,16,14,0.034
2381918,Nuke,0.4832739428282465,1.3982263905574845,8,13,0.034
2381933,Nuke,-0.13989197614843235,1.8557806422365961,7,13,0.268
2381933,Anubis,-0.0012821617371142355,2.121609547638064,14,16,0.271
2381934,Dust2,0.3376923648861735,2.9804468369239525,2,13,0.057
2381934,Nuke,0.35355907253843744,3.004550719673118,3,13,0.057
2381935,Mirage,0.7452195459820237,0.9610158991938784,8,13,0.217
2381935,Nuke,2.377647805744085,0.783271915767769,13,5,0.223
2381935,Anubis,0.9361277110703997,1.4546958473968352,13,11,0.223
2381943,Anubis,0.8490374697539924,1.0223358053430143,6,13,0.061
2381943,Dust2,1.577244437538897,0.41670190532008566,13,1,0.061
2381943,Nuke,2.0590099782765545,1.5321872525145717,13,9,0.057
2381944,Dust2,3.503503861263828,3.113475871215663,9,13,0.022
2381944,Nuke,4.563311126292025,2.30847708282181,13,7,0.022
2381944,Inferno,3.5679556748094763,3.2190161669498423,11,13,0.022
2381945,Dust2,4.438378092445698,1.9987139060692103,13,7,0.041
2381945,Nuke,4.626549055135507,0.4185756005837706,13,11,0.045
2381946,Mirage,4.395853253932769,1.931569146189237,16,14,0.041
2381946,Anubis,4.034895900288132,1.9306021345090103,13,8,0.041
2381947,Anubis,1.5006847474048957,0.7802274626501694,16,19,0.061
2381947,Dust2,1.955979169721499,0.24285424313403087,9,13,0.061
2381948,Default,2.8841390834184506,0.9180725415706468,1,0,0.041
2381948,Nuke,2.385569682176912,-0.0457061926528063,13,10,0.045
2381948,Anubis,1.8301966551472961,1.931839651867648,6,13,0.041
2381948,Mirage,5.105279357602049,2.1048724978524347,13,10,0.041
2381949,Nuke,3.864153337903695,1.9829169277379515,13,6,0.045
2381949,Mirage,3.824053806001352,2.2890905493969367,13,3,0.045
2381950,Dust2,-0.4984977087415505,2.7370736742119925,8,13,0.022
2381950,Inferno,2.371479187495221,2.8744310381457896,10,13,0.022
2381951,Nuke,3.4509289215494583,0.884859792470899,9,13,0.041
2381951,Mirage,1.920761569714676,-0.34426834836801945,13,1,0.041
2381951,Dust2,1.818437283700903,1.6925872138564655,13,11,0.041
2381956,Ancient,0.25120604479672964,4.595368925711874,2,13,0.022
2381956,Mirage,4.181003561342164,5.421831042119454,4,13,0.022
2381957,Dust2,3.5827394909735286,-0.18222715239343554,13,4,0.041
2381957,Mirage,1.8708561263082653,1.1468204465585978,13,8,0.041
2381958,Nuke,2.8545626455664634,1.773723336750315,13,9,0.16
2381958,Inferno,1.4581186080935966,1.9657692270071487,9,13,0.163
2381958,Anubis,5.583690450961782,0.8238372205338357,16,12,0.153
2381959,Default,6.8194908173230395,2.0286324473093535,1,0,0.121
2381960,Inferno,1.2429390340727728,0.5121009656309197,7,13,0.128
2381960,Dust2,4.101421402504627,1.667459504834513,13,10,0.124
2381960,Ancient,2.40017314062142,2.546899444019831,13,7,0.128
2381961,Inferno,0.056522307936890524,2.1156672877863465,4,13,0.041
2381961,Dust2,0.4856534568572999,1.41270558834829,11,13,0.045
2381962,Inferno,1.007754868912322,1.347314748617615,9,13,0.14
2381962,Ancient,2.10360854070989,0.5733415153019834,13,11,0.137
2381962,Train,2.084481432850323,2.1552199927660145,19,15,0.134
2381963,Ancient,2.1147676473726422,0.6874581258144502,13,4,0.14
2381963,Mirage,1.9824365912584954,1.3981755451042326,13,8,0.134
2381964,Inferno,-0.2887580181526682,1.6259734029469952,9,13,0.137
2381964,Default,-1.4124119046849164,1.285347069323897,0,1,0.134
2381965,Default,-0.2388477540837486,-0.31543984637007927,1,0,0.137
2381965,Inferno,1.2457089722292882,1.324159792945477,8,13,0.14
2381965,Nuke,4.605929125500316,2.1492142342938134,13,9,0.134
2381965,Ancient,2.496184815667248,0.455629421308285,13,10,0.137
2381970,Ancient,0.8963282647563325,0.9423821998565973,10,13,0.345
2381970,Train,2.235000585444995,-0.012387256290882512,13,6,0.338
2381970,Nuke,1.996658132518908,0.940925580234132,13,5,0.345
2381971,Train,0.3217374374898368,1.2652277835614243,10,13,0.227
2381971,Anubis,1.8637698274246455,1.586107227998278,13,11,0.23
2381971,Ancient,2.9303264295924825,2.3343532877213433,10,13,0.227
2381972,Inferno,0.004503595155377205,1.8092370808152047,6,13,0.179
2381972,Nuke,0.9845980203796222,1.2161797859627697,13,7,0.185
2381972,Train,0.976400086554452,2.117734410234243,6,13,0.182
2381973,Nuke,1.2989916769947503,0.38700747562804205,13,8,0.249
2381973,Mirage,2.842882687301192,1.158196963861406,13,4,0.249
2381980,Ancient,1.3407997935094838,1.0854839756957357,13,9,0.223
2381980,Mirage,1.5019127286667966,1.8040061991981278,12,16,0.223
2381980,Dust2,1.255670860961136,1.7431743575043475,9,13,0.22
2381982,Mirage,0.6007679406973874,2.5256561545212435,11,13,0.054
2381982,Anubis,0.5703708567645202,2.955050467048168,14,16,0.054
2381983,Nuke,1.2938764217220526,0.18040836779148497,13,9,0.316
2381983,Mirage,1.5714784097377528,0.08237762375258796,13,9,0.316
2381984,Anubis,0.7834672872466664,1.9668112115422105,13,16,0.313
2381984,Nuke,0.5625117211312234,1.6730538293218629,7,13,0.322
2381985,Dust2,-0.3156753378406823,1.6753339165867915,0,13,0.134
2381985,Ancient,0.42631744949282296,1.7956191875103624,8,13,0.134
2381986,Train,1.1236647019367796,0.6012673118819218,13,6,0.373
2381986,Ancient,1.2817257501281352,-0.05939224805168636,13,9,0.377
2381987,Dust2,0.4112849834407085,1.8878750702075024,10,13,0.236
2381987,Anubis,0.18382594366051674,1.0364989066759998,4,13,0.233
2381988,Default,-0.7660871260320508,0.6402988878669352,0,1,0.147
2381988,Mirage,1.8061844343113047,1.3564613171373974,13,7,0.15
2381988,Inferno,4.677027271174153,1.2668887535252613,13,6,0.144
2381989,Default,1.682458319880985,2.9008165532876933,1,0,0.137
2381992,Nuke,11.097202844189983,7.617909453642245,13,5,0.057
2381993,Dust2,11.508112338423453,15.538521562133353,14,16,0.038
2381997,Dust2,2.3390497010341216,5.957665202831958,12,16,0.089
2381997,Inferno,1.9565836555013674,4.200203619059444,11,13,0.083
2381998,Ancient,4.08693035006379,2.825239377333523,13,10,0.038
2381998,Inferno,4.105651048172389,2.620929247105018,13,8,0.038
2381999,Ancient,5.671622383405685,4.56025273327457,13,11,0.057
2381999,Inferno,5.525460743504027,2.85670736662504,13,9,0.057
2382002,Dust2,0.24743211469081625,2.488462885851009,6,13,0.169
2382002,Mirage,1.9563276689289588,0.9252334034829668,11,13,0.179
2382003,Anubis,2.4178235603986185,1.6597566522862859,13,10,0.147
2382003,Mirage,1.040282827845724,0.2762500740369645,13,6,0.156
2382004,Ancient,0.13026964561489687,2.7955961619171554,10,13,0.077
2382004,Train,4.306572365708391,2.4836085787907516,13,8,0.077
2382004,Mirage,0.4219881648580011,2.64058531868752,8,13,0.077
2382005,Anubis,2.6642720900180565,2.1199571356486695,3,13,0.211
2382005,Dust2,-0.49003224503351533,2.0111789378313523,1,13,0.22
2382006,Ancient,2.6399492313900144,1.7697558631562593,16,13,0.201
2382006,Inferno,4.122844293931693,0.65347868248077,13,11,0.207
2382007,Mirage,0.5396085692393507,1.4918487798407323,6,13,0.064
2382007,Train,4.465490228686452,2.1562470038516515,13,6,0.061
2382007,Dust2,3.5163960187453283,2.4388008540112662,13,16,0.067
2382008,Inferno,0.7915944057321522,0.5547796682573594,6,13,0.172
2382008,Ancient,1.2688340503073057,1.0929559435003788,13,8,0.182
2382008,Mirage,2.448323564642322,1.3660486581323321,19,17,0.179
2382009,Dust2,2.033948147381792,-0.18680189021883112,9,13,0.227
2382009,Nuke,0.22746138183634312,-0.3438995249871607,6,13,0.22
2382010,Mirage,0.2122078478702663,1.6331830332124582,11,13,0.144
2382010,Inferno,0.21732032992888706,1.8379219528337267,10,13,0.144
2382011,Ancient,1.6779461451991424,0.8597692890437283,13,5,0.064
2382011,Dust2,1.1310298144880826,1.2145059992769478,13,11,0.067
2382012,Dust2,0.25665286672486515,1.9640072761064602,9,13,0.265
2382012,Anubis,1.0348631998803146,1.7056024375243701,13,10,0.255
2382012,Train,0.8080162572172003,3.26327495909935,11,13,0.259
2382013,Dust2,0.5202338395083579,2.058039105956837,7,13,0.067
2382013,Mirage,1.1805223623042322,1.6028912445761163,19,17,0.064
2382013,Ancient,1.1606641967628897,1.592093833982047,21,25,0.064
2382016,Default,4.094842898737619,7.0341008544052,1,0,0.105
2382016,Mirage,6.340471564779216,10.406308817157726,13,8,0.105
2382017,Inferno,2.090153539008163,0.66718258916284,13,1,0.038
2382017,Mirage,3.937221610063584,1.18475879597093,13,6,0.038
2382018,Mirage,-0.14522998920331928,3.4642148054851307,8,13,0.022
2382018,Dust2,0.3892359908989715,3.445453297404134,11,13,0.022
2382019,Dust2,4.355838123305265,2.296278136712758,13,7,0.022
2382019,Mirage,4.202514236056109,2.4788317397586654,13,9,0.022
2382020,Nuke,6.320575246413853,9.28805834689101,13,7,0.096
2382020,Mirage,6.121307606084347,8.955486269950624,13,4,0.096
2382021,Ancient,2.630222848190415,3.300077630934373,3,13,0.054
2382021,Nuke,2.630222848190415,3.7594602500799947,4,13,0.054
2382022,Mirage,4.9505022142991395,2.1273722368069445,13,6,0.038
2382022,Ancient,0.8322759371229871,1.8072605081470012,3,13,0.038
2382022,Inferno,4.337633359306602,2.56284666895518,6,13,0.038
2382023,Dust2,0.24558741662413375,2.250262688231049,8,13,0.064
2382023,Mirage,1.2456820841044158,2.3381273885038985,13,7,0.064
2382023,Anubis,3.5071139203279134,3.511593513637387,17,19,0.061
2382024,Dust2,4.753547200627279,3.5686163366981503,11,13,0.077
2382024,Nuke,2.3659839893554793,2.188102411952056,13,8,0.08
2382024,Ancient,1.6020883741349452,2.952572197615206,6,13,0.083
2382025,Nuke,4.112192893782762,0.6139104402553318,13,6,0.061
2382025,Ancient,4.11380225829866,0.8027537739160067,13,10,0.061
2382026,Nuke,3.9359041129054613,3.559994421442703,13,10,0.057
2382026,Dust2,3.870600246229236,3.428007754053308,13,4,0.057
2382027,Ancient,1.8060946726260392,0.2732695482260523,13,6,0.083
2382027,Nuke,2.2066462000996525,-0.5333475462936356,13,9,0.08
2382030,Inferno,2.6802316346483805,1.2534697883715877,13,4,0.163
2382030,Mirage,0.6639267193133996,1.1801894608020442,11,13,0.166
2382030,Nuke,3.67464477181297,1.3899615551229305,13,8,0.163
2382031,Anubis,0.9464814079303099,2.550574235431138,10,13,0.045
2382031,Dust2,5.362012049787268,2.685826565248683,13,11,0.041
2382031,Nuke,4.912686640472964,1.0202372343078612,13,6,0.041
2382032,Dust2,-0.08592419995609031,1.2489667481516484,4,13,0.134
2382032,Mirage,0.9070610878124689,0.7508819293059945,13,10,0.137
2382032,Anubis,2.8929400081122325,2.9472667993635375,10,13,0.134
2382033,Dust2,3.1846613471912684,2.4546835250977397,11,13,0.026
2382033,Ancient,-0.4446697047561863,1.8758170707987214,5,13,0.026
2382034,Mirage,3.9797831714659053,1.3395667998973149,13,8,0.022
2382034,Inferno,4.967831596929937,2.8921286843872487,13,11,0.022
2382035,Nuke,3.280153819471465,0.9137988471683741,13,8,0.147
2382035,Inferno,-0.11962854631955906,1.7533496212233242,5,13,0.144
2382035,Ancient,0.153326763685318,1.5825364751754118,6,13,0.147
2382036,Inferno,4.749067687080578,1.5189476119545577,13,4,0.041
2382036,Anubis,2.3352882631224956,1.5395171930371354,13,3,0.045
2382037,Mirage,0.14013178626230652,2.058241517822522,11,13,0.099
2382037,Ancient,2.818953341874265,3.0001080802998743,6,13,0.093
2382038,Mirage,-0.06095848233290004,0.9402245680559664,8,13,0.137
2382038,Ancient,-0.01899998520659057,1.7184062734502998,14,16,0.144
2382039,Default,3.4830356979008354,2.300194884622721,0,1,0.026
2382040,Train,4.421778700488155,1.1115060714700993,13,8,0.185
2382040,Mirage,3.8369395636084835,0.6793206090694217,13,8,0.185
2382041,Mirage,-0.6912025997047896,1.4981370365019397,10,13,0.169
2382041,Ancient,-0.424088099506734,1.6856836218401428,11,13,0.169
2382045,Default,2.567377156656681,1.9695292849590027,1,0,0.083
2382048,Ancient,4.509110418796374,2.3117607960951045,13,10,0.07
2382048,Anubis,3.4904062717417674,1.7423169918225787,11,13,0.07
2382048,Nuke,4.116100832410309,1.11082357025358,13,10,0.07
2382049,Anubis,1.2182557886238283,1.8729893729572031,13,3,0.144
2382049,Mirage,3.5010511524994117,1.6086298875536091,13,11,0.137
2382050,Mirage,0.7038284338433889,1.9160989249759082,11,13,0.086
2382050,Train,3.025328481248168,0.966942343898334,13,3,0.08
2382050,Nuke,1.1378649011566944,1.696284755952806,9,13,0.083
2382060,Default,5.811037711448998,2.063720251770812,1,0,0.169
2382062,Nuke,3.062613663774917,2.965563058777192,7,13,0.105
2382062,Mirage,3.7328068737317013,1.0874570575967581,13,9,0.105
2382062,Inferno,3.2173906299409527,1.6548319995635175,11,13,0.105
2382063,Ancient,4.558656846028341,0.7557944840130759,13,6,0.112
2382063,Anubis,4.351007866630169,0.5666158033469197,13,8,0.112
2382064,Nuke,1.1347701552805982,1.901424617669467,11,13,0.223
2382064,Anubis,0.004866048019988125,1.9388831782642604,9,13,0.223
2382065,Anubis,4.757696207635437,0.8666155160878815,13,8,0.022
2382065,Nuke,4.163763544685432,2.035245387570505,11,13,0.022
2382065,Train,4.7053378351914965,1.3488480321111167,13,6,0.022
2382066,Dust2,0.6273671016255059,1.8770423701880388,11,13,0.207
2382066,Inferno,1.2426873531845382,2.3600543717244786,13,8,0.201
2382066,Nuke,1.1083082169840528,1.405266214252901,8,13,0.204
2382067,Ancient,2.717582020749908,2.575108694767797,14,16,0.341
2382067,Default,1.2073891823720295,1.4880497970162443,0,1,0.341
2382068,Nuke,0.4600068162544126,1.8866735463176287,8,13,0.185
2382068,Ancient,3.416034888852924,1.695323658693748,8,13,0.179
2382070,Mirage,4.634827262896052,0.34222943248324583,13,8,0.179
2382070,Dust2,2.1594201057970897,0.40809752188447845,22,20,0.185
2382071,Inferno,-0.053883630239002896,1.1446509253993615,8,13,0.172
2382071,Ancient,2.9889909244386423,2.1032932923117706,8,13,0.182
2382072,Inferno,2.1211753455293594,1.4469263749028645,13,7,0.099
2382072,Dust2,4.076212838828117,0.4546134251906242,13,7,0.102
2382073,Anubis,0.2678000578954088,1.9188760501875057,8,13,0.156
2382073,Inferno,1.4881967570438592,3.118637210435169,13,1,0.153
2382073,Nuke,0.6349349089067288,1.7557648493572566,9,13,0.163
2382074,Inferno,4.408737456619981,0.5920084630201701,13,4,0.131
2382074,Mirage,2.7002074617259253,-0.10264251127001356,13,4,0.134
2382075,Train,0.3500645372896533,1.5893713014995714,10,13,0.22
2382075,Inferno,-0.2112860837449438,1.7028911628725478,0,13,0.22
2382076,Ancient,0.8812728718641923,1.1459099030541113,9,13,0.377
2382076,Mirage,1.3266479062341576,0.9405537198475074,7,13,0.383
2382077,Mirage,1.8270244695131468,0.1760251032288988,13,11,0.306
2382077,Nuke,2.128791943911327,0.910331987332364,14,16,0.313
2382077,Train,2.2612892450971462,0.47860498656569905,13,10,0.313
2382078,Default,4.620314040890875,1.7302917301468919,0,1,0.204
2382079,Dust2,1.638071955230125,0.2805477955829913,13,4,0.211
2382079,Anubis,1.25403217565601,2.028256651578986,9,13,0.211
2382079,Mirage,1.9671192594780291,0.42402610175675004,13,3,0.211
2382080,Train,0.3573666882298247,2.002343222159354,8,13,0.214
2382080,Mirage,-0.036336908174060094,1.9894614970512037,6,13,0.214
2382081,Nuke,1.0211508592761556,1.618993028543555,8,13,0.316
2382081,Mirage,0.9786272126470156,1.6175658574683511,13,11,0.316
2382081,Ancient,0.1914760692659834,1.5659991769082617,9,13,0.306
2382082,Default,2.8170156214287383,0.7369205008479384,0,1,0.204
2382083,Train,3.4735648470891944,2.32486921192189,9,13,0.227
2382083,Inferno,1.4243876015911072,0.9805394984063903,8,13,0.233
2382084,Anubis,0.5751562524588986,1.4078470042428204,10,13,0.064
2382084,Dust2,1.2468082426068479,1.5954607907866936,13,7,0.064
2382084,Nuke,0.22265598912737924,1.8328078598644084,5,13,0.061
2382085,Nuke,1.8930123232191285,0.2178710080341259,13,4,0.115
2382085,Inferno,1.0376509923454496,0.5982949980377611,6,13,0.115
2382085,Mirage,2.9136690730474335,2.5101572972444766,13,6,0.112
2382086,Mirage,-0.02667776105053368,2.9529572621758478,8,13,0.022
2382086,Ancient,0.029577747919522123,3.3111945697222347,11,13,0.022
2382087,Nuke,2.17197052671216,1.8778351581890045,13,10,0.169
2382087,Ancient,2.283472719996694,-0.3623419689839551,13,5,0.182
2382088,Anubis,1.0376163062348127,1.3035796614615822,3,13,0.236
2382088,Dust2,4.286329092255004,1.1635986153694753,13,8,0.23
2382088,Train,4.38340554434935,1.027266765406278,13,7,0.23
2382090,Mirage,1.7397307694953805,-0.07515595834347102,13,10,0.118
2382090,Anubis,2.462175692374838,-0.019433838551560688,13,6,0.118
2382091,Dust2,1.327226409374399,1.6864227571706463,8,13,0.163
2382091,Ancient,1.2148010556857216,1.2215712942834402,8,13,0.163
2382092,Anubis,0.6322968708469999,2.6431617664023888,8,13,0.099
2382092,Train,2.1004371060569205,2.4082260161316085,16,14,0.099
2382092,Dust2,1.34546862283445,1.624213094402813,8,13,0.102
2382093,Inferno,1.0895483921082902,1.1786754385252396,13,6,0.115
2382093,Nuke,3.3940354956624668,1.960351754640501,8,13,0.115
2382093,Dust2,3.46662798985104,1.6495750168868717,3,13,0.115
2382094,Mirage,0.15845955665245387,1.384965171762784,14,16,0.118
2382094,Ancient,0.18238798571872705,3.1325474726300855,11,13,0.115
2382095,Mirage,4.232852332569855,0.4558387885913496,13,8,0.239
2382095,Train,1.959089107556483,0.3301291262853659,19,17,0.243
2382096,Ancient,2.071373687813773,0.5684047913708753,13,2,0.182
2382096,Mirage,1.734550056689761,0.8533515920216016,13,5,0.179
2382097,Inferno,3.867207270490116,0.5145573967794473,13,9,0.156
2382097,Ancient,1.4958964588238608,0.24600865032768135,8,13,0.163
2382097,Dust2,1.4997382030211328,0.5305927336642121,2,13,0.163
2382113,Ancient,1.896448195163356,-0.32061270986030926,16,13,0.064
2382113,Dust2,0.9501928629162586,0.9509958249298879,9,13,0.064
2382113,Mirage,4.813519025758975,0.2968469407032829,13,11,0.061
2382114,Inferno,4.346812431579252,1.608678900302945,13,10,0.121
2382114,Mirage,3.4065229136092734,2.445510601632024,9,13,0.121
2382114,Dust2,4.130984339432302,1.2801545947024902,13,6,0.121
2382115,Train,3.518006741754782,1.8150742692641884,10,13,0.041
2382115,Dust2,0.8154300759701076,2.650524651057421,6,13,0.04
2382116,Nuke,2.9373236687604143,1.239265680193646,13,8,0.089
2382116,Dust2,2.2627034455232344,1.5280920448925868,13,5,0.089
2382117,Anubis,3.147742204616775,1.6519916357681328,12,16,0.061
2382117,Nuke,1.1366763199335093,0.5903246915202303,16,14,0.064
2382117,Dust2,0.4174561323454863,1.7698256035145128,10,13,0.064
2382118,Ancient,1.0150674245152624,2.69332864721946,10,13,0.04
2382118,Nuke,1.7525879109748776,0.6914545422271839,19,16,0.041
2382118,Inferno,0.5821817209813296,1.9375844518535639,5,13,0.04
2382120,Mirage,0.38718597529101045,1.8911761294492984,4,13,0.099
2382120,Inferno,1.2577371830540816,1.8183081754513484,7,13,0.099
2382121,Nuke,1.9834962000600769,1.312049600301064,13,9,0.064
2382121,Ancient,1.9834962000600769,1.312049600301064,13,10,0.064
2382122,Inferno,0.4032031511868535,2.6252601571873226,7,13,0.093
2382122,Ancient,3.305846276081849,3.4097441695892057,10,13,0.093
2382123,Dust2,0.6093018977622993,1.5124875834765867,9,13,0.096
2382123,Inferno,1.51674044746782,1.8761666218334259,13,3,0.099
2382123,Mirage,0.7895847140447124,1.8982226799520687,8,13,0.099
2382124,Ancient,2.2925507606357067,1.7364963968606684,13,10,0.089
2382124,Mirage,1.9721585096092267,1.4668333811387313,13,3,0.089
2382125,Inferno,1.3790836753379354,1.0764605836439964,13,6,0.156
2382125,Dust2,2.006685171622514,0.16183145638851879,13,8,0.153
2382126,Dust2,0.24324127119183053,1.6642521445304062,9,13,0.093
2382126,Ancient,0.6314087629719912,1.672138969101037,8,13,0.093
2382126,Mirage,0.8581684761537053,1.3988197476677577,13,3,0.093
2382126,Train,2.9605514954945873,3.2097032181588285,6,13,0.089
2382127,Anubis,2.292741181661161,0.692948093743043,13,10,0.313
2382127,Nuke,2.453935440963066,0.7059402777075537,13,8,0.322
2382128,Default,1.5627367636179388,0.06062395223773259,1,0,0.083
2382129,Mirage,1.4974585771862845,0.4029451454732878,13,6,0.156
2382129,Nuke,1.1421813960982385,0.12829964753371925,13,5,0.153
2382130,Default,2.266265774199514,4.979260674736702,0,1,0.137
2382131,Nuke,3.6642740186824376,0.917884524318913,13,5,0.179
2382131,Mirage,2.1336879388818364,-0.0589689228152666,19,16,0.185
2382132,Dust2,1.069011597446054,2.6585759428940356,6,13,0.156
2382132,Train,0.9759449166124361,2.3913058462489793,13,10,0.153
2382132,Inferno,1.1256366102653275,2.583808428752871,17,19,0.15
2382133,Dust2,0.1488591590589252,1.4908091914696424,2,13,0.134
2382133,Train,0.2063398324144902,3.3051304308701916,8,13,0.131
2382134,Inferno,0.7092162848895214,1.455876985555831,13,16,0.22
2382134,Ancient,0.5224765719886649,1.9505128756333419,7,13,0.22
2382135,Default,0.9915008843682329,0.9464177460245431,1,0,0.083
2382136,Mirage,1.9387992219534047,0.1045453809116863,13,8,0.156
2382136,Nuke,1.6237137207663535,-0.1539714712684896,13,7,0.153
2382137,Inferno,0.786157012736721,1.3248184070562583,11,13,0.179
2382137,Nuke,1.5781730319478033,0.7762726603123952,13,6,0.185
2382137,Ancient,3.9605630383660193,1.3305461173585391,13,10,0.176
2382138,Mirage,0.17644420532869656,1.8202713229324075,6,13,0.131
2382138,Inferno,-0.6389787617849088,2.156623402239528,1,13,0.128
2382139,Mirage,2.3780571866002016,-0.0649413120661328,13,9,0.15
2382139,Train,2.5771518336473966,0.9123081899150693,13,3,0.147
2382140,Mirage,0.7126561311376708,2.405206739860628,1,13,0.131
2382140,Inferno,0.3284788124865216,2.405726454892538,5,13,0.131
2382141,Dust2,0.37057836662134547,2.1460659523077075,3,13,0.249
2382141,Anubis,2.8651377241355376,1.4814207917815514,13,4,0.233
2382141,Inferno,0.2476181475862983,2.350443182277675,8,13,0.236
2382142,Ancient,-0.39597270594541994,2.9478542223069497,9,13,0.217
2382142,Anubis,0.8164968809529035,0.88529487081452,10,13,0.22
2382143,Train,1.3473720156600526,1.4328759336039525,13,10,0.182
2382143,Dust2,3.4365041159751346,3.074945278301656,8,13,0.176
2382143,Nuke,1.5983587550413036,0.563043080048855,13,7,0.185
2382144,Dust2,2.8260119689720704,-0.3729187145686843,13,7,0.137
2382144,Nuke,2.75011564164644,0.30466173819031916,13,3,0.137
2382145,Nuke,-0.24112968053402917,2.5438767624902705,3,13,0.179
2382145,Mirage,0.15018337035048218,2.1062330438720362,13,16,0.188
2382146,Train,-0.15362190525304373,1.733440702908829,5,13,0.22
2382146,Anubis,0.0709685778080024,2.8247460690443167,7,13,0.217
2382147,Dust2,0.19610950194263096,1.9456961717951788,9,13,0.236
2382147,Ancient,0.14700970144194495,2.8367953614185684,9,13,0.23
2382148,Ancient,4.21960493126053,1.6865141810787443,13,3,0.294
2382148,Dust2,1.6183463085735463,0.19848653869712346,13,9,0.3
2382149,Inferno,0.24691440603457235,1.2431763974089851,4,13,0.399
2382149,Anubis,0.4766154814654304,1.3435660384749244,11,13,0.399
2382150,Nuke,-0.1052307112998729,1.7580400087445573,7,13,0.252
2382150,Mirage,0.29637513214109196,1.8812952382579813,3,13,0.252
2382151,Ancient,-0.13334730787099824,1.6980074299521843,7,13,0.252
2382151,Anubis,0.7144691452590304,1.4168375897273835,12,16,0.252
2382152,Ancient,0.24581491188897006,1.6362707573092141,11,13,0.217
2382152,Nuke,0.3155174374497706,2.587534005498822,9,13,0.22
2382153,Nuke,2.0632362773263617,0.8609028853256575,10,13,0.313
2382153,Mirage,1.7228071736090795,0.45008108705064426,2,13,0.306
2382154,Default,5.397160092242731,2.1687199032535847,1,0,0.153
2382155,Dust2,2.2144800602518906,0.7305685829583515,13,9,0.185
2382155,Anubis,0.784256385016444,1.0633144192463988,14,16,0.182
2382155,Inferno,1.9156892833823538,0.7416339817722584,13,4,0.182
2382156,Anubis,0.5418122254263283,0.6626303188341738,10,13,0.204
2382156,Train,1.923231118578747,0.16798722679020922,13,6,0.214
2382156,Mirage,0.7867939531247911,0.9522455560769238,6,13,0.214
2382157,Mirage,4.770141835632127,0.9665817936991878,13,8,0.249
2382157,Train,2.4030837191938774,1.3939722352807282,22,19,0.236
2382158,Mirage,1.9073173040335607,-0.3844362587280161,16,13,0.211
2382158,Train,3.952357291349937,1.1735528335165235,11,13,0.207
2382158,Ancient,4.394013720157743,0.25453609083426687,13,8,0.207
2382159,Mirage,4.916851889897049,0.46297845383582165,13,5,0.134
2382159,Inferno,3.4339651551133037,0.43607206061516396,13,2,0.134
2382160,Dust2,1.5724828344646744,0.17227708208581538,13,4,0.22
2382160,Train,1.9111788009876216,-0.1813534771465693,13,6,0.22
2382161,Inferno,0.3271673326820566,2.032754524075175,4,13,0.23
2382161,Anubis,1.5561423694528043,1.8756400399790791,13,6,0.23
2382161,Ancient,0.23784267768529788,2.2579346231543345,11,13,0.227
2382162,Dust2,0.1994752765410369,2.4801499175012642,9,13,0.156
2382162,Train,0.2820231574327884,2.303398466093777,2,13,0.153
2382163,Nuke,2.049736869927578,1.9454038712581898,16,14,0.322
2382163,Inferno,2.011152327464862,0.38603921008991426,13,11,0.306
2382164,Ancient,1.3062461171116646,-0.8101398443582779,13,4,0.182
2382164,Train,1.8781943835634456,1.591231567071367,13,10,0.182
2382165,Dust2,1.068391503344126,1.1574214097807205,13,5,0.348
2382165,Anubis,0.9810051914344491,1.0098951763625548,11,13,0.345
2382165,Nuke,1.9949955632660512,1.1441960807924112,13,7,0.345
2382166,Ancient,3.438716345364547,2.093149383162595,5,13,0.073
2382166,Nuke,3.828899529976518,3.231481432967419,11,13,0.073
2382167,Dust2,3.4899358900057713,2.0909974392805375,10,13,0.022
2382167,Ancient,4.135743278976085,1.1977708326396104,16,13,0.022
2382167,Mirage,4.146087234763832,1.0379758633010823,16,14,0.022
2382168,Ancient,4.08280773966196,0.9361610642321504,13,8,0.054
2382168,Mirage,3.3965642689012197,3.2356454728472923,13,16,0.054
2382168,Dust2,3.5870024537430982,1.4136201134205848,13,10,0.054
2382169,Dust2,0.9913732502223059,2.3854935725036404,7,13,0.038
2382169,Ancient,2.462585381440372,1.880494652693338,13,9,0.038
2382169,Train,1.052741425328327,1.768804641141538,3,13,0.038
2382170,Train,1.3019833316756955,0.0035422579664405457,13,8,0.099
2382170,Mirage,0.3760332522609664,-0.9222705220608628,13,3,0.096
2382171,Train,0.6431922050063048,1.6297276398402745,12,16,0.259
2382171,Ancient,-0.2761988759886948,2.1524542993163993,6,13,0.262
2382172,Dust2,0.9299533238682001,0.5149387505263967,13,5,0.227
2382172,Mirage,1.723064169387582,0.012012576477453938,13,3,0.227
2382173,Train,1.5141583921992248,-0.015825750629654158,13,5,0.093
2382173,Ancient,1.9347301437938242,1.5190076066274445,14,16,0.093
2382173,Inferno,4.564373448885804,2.100104880957764,13,7,0.089
2382174,Anubis,1.1288586162001686,1.442461883542903,9,13,0.144
2382174,Ancient,1.4585189756991768,1.0315975685931433,13,6,0.147
2382174,Dust2,0.5291056464589421,2.0592713250319634,11,13,0.144
2382175,Dust2,4.323315313880192,1.375319012075312,11,13,0.038
2382175,Inferno,5.055021068257252,1.9468065303140234,13,9,0.038
2382175,Ancient,3.790628463311296,0.04954899450209356,13,3,0.038
2382176,Dust2,0.4602990649786057,1.548845738853364,3,13,0.061
2382176,Ancient,4.1777670869013726,0.7709721564358424,13,7,0.061
2382176,Mirage,0.612385943992746,2.8938806194526014,10,13,0.057
2382177,Ancient,1.6203348258070311,1.170754125153987,13,10,0.093
2382177,Anubis,0.8761803714779919,1.8510669302187925,5,13,0.089
2382177,Train,2.3117074042985126,0.8654846277999633,13,6,0.093
2382178,Nuke,3.2204913799553316,1.002697108640935,8,13,0.195
2382178,Dust2,2.114300388420321,0.6650470524373343,13,4,0.204
2382178,Mirage,1.451492358913359,0.30781016556720264,13,8,0.198
2382179,Train,0.07660314015228038,2.862107490352075,6,13,0.099
2382179,Inferno,2.7692173776201354,3.744438108520414,9,13,0.093
2382180,Ancient,3.4317437221495988,1.3682609865163957,13,5,0.093
2382180,Mirage,0.7297530986680688,-0.8755316432592808,13,5,0.096
2382180,Train,1.8402094572299357,-0.06721930321762348,13,6,0.099
2382181,Ancient,3.5076423744035155,1.187506516586405,4,13,0.041
2382181,Mirage,3.815102833399445,0.3392308775442648,13,6,0.041
2382181,Train,3.4668899363797157,2.6705879633633343,11,13,0.041
2382182,Anubis,3.1960477128983626,-0.212756416760676,13,5,0.022
2382182,Dust2,3.8007140876129,0.3207025421641885,13,8,0.022
2382183,Inferno,0.5006815844532148,2.914329342699985,13,16,0.022
2382183,Mirage,2.909577217015142,3.1636005806641507,9,13,0.022
2382184,Inferno,0.8684060592251454,2.88543108012759,13,16,0.041
2382184,Dust2,2.9614975033378355,0.18399181646662854,13,4,0.041
2382184,Anubis,3.655485840821231,1.8191468556307417,13,16,0.041
2382185,Inferno,2.403605450396157,2.1838753446666503,4,13,0.022
2382185,Dust2,-0.26234892489795325,2.8521099418743203,10,13,0.022
2382186,Mirage,0.7104113422845777,1.1704470138830054,9,13,0.045
2382186,Ancient,3.885928779023516,0.42460315474116955,13,10,0.045
2382186,Cache,2.9869364589621266,1.9803570791899467,2,13,0.041
2382187,Dust2,2.0281957870342833,2.610516867259595,13,7,0.041
2382187,Mirage,0.681878561947041,2.80510127747048,7,13,0.041
2382187,Anubis,3.5248788391405377,3.5234234858202256,10,13,0.041
2382188,Anubis,9.660755342778392,9.805857198561895,13,10,0.147
2382189,Dust2,12.36209344083672,4.199906042981562,13,2,0.038
2382190,Mirage,4.978312654389761,10.652253604028571,4,13,0.093
2382191,Ancient,12.731743122048226,9.358897867743977,13,11,0.061
2382192,Train,7.6570078271768605,4.718136910358553,13,6,0.147
2382193,Ancient,1.9851220510163365,11.913829785233911,2,13,0.038
2382194,Mirage,4.11140636292124,2.9807451364333755,8,13,0.099
2382195,Ancient,12.579070750809375,5.439521915847706,13,1,0.061
2382196,Ancient,1.4993541921806068,2.738861182934982,13,7,0.147
2382196,Nuke,4.165227092110761,1.619927715206357,13,7,0.144
2382197,Mirage,4.230903656217925,4.220565250662207,6,13,0.093
2382197,Ancient,5.670374888767468,5.474910628761986,13,0,0.089
2382197,Anubis,7.162518499944977,6.3918359251617956,13,8,0.089
2382198,Ancient,2.015448561651407,2.5499790853212705,8,13,0.144
2382198,Inferno,3.942739483828385,4.7950813032132045,14,16,0.134
2382199,Train,4.59552074833898,1.105514537494094,13,5,0.163
2382199,Dust2,3.208490213900637,1.0120590339212279,13,2,0.163
2382200,Mirage,-0.8054354838388946,3.015655122196977,9,13,0.172
2382200,Train,-1.228080324907248,2.981347564969579,8,13,0.172
2382201,Mirage,1.2086694283393409,1.4790193786515622,13,11,0.049
2382201,Inferno,1.1070730817622902,1.056799897916269,11,13,0.049
2382201,Dust2,0.4843023772699215,1.1732108878275462,8,13,0.048
2382202,Dust2,4.9699391067658265,0.32586402877465764,13,9,0.019
2382202,Ancient,4.575766345768732,1.6446902706551716,2,13,0.019
2382202,Inferno,5.513908121560597,1.998714232843173,13,7,0.019
2382209,Nuke,4.039852886893284,3.2013348478725776,9,13,0.022
2382209,Train,5.011042243570705,1.964647358754313,13,6,0.022
2382209,Dust2,4.037192127081138,3.2539535923435525,14,16,0.022
2382210,Anubis,3.2362261741115783,3.0059802793638934,8,13,0.022
2382210,Ancient,1.5161388574024164,2.5693667672122364,13,2,0.022
2382210,Mirage,0.4890339564612818,2.7935488903773047,9,13,0.022
2382211,Ancient,0.5420465263837364,1.9366616857049084,5,13,0.038
2382211,Mirage,1.9926379110623909,2.4568145800314367,13,8,0.038
2382211,Nuke,3.4912748480033127,3.350226111554687,9,13,0.038
2382212,Dust2,3.2022928511352537,0.7612897134514859,13,3,0.022
2382212,Mirage,4.676654643886348,0.9743290673500485,13,7,0.022
2382213,Mirage,3.6414769453824416,1.824331376427925,13,4,0.022
2382213,Train,3.517697968944324,2.253153789606634,2,13,0.022
2382213,Dust2,5.319408993965126,2.2142781063143797,16,14,0.022
2382214,Mirage,3.887290109434891,3.0870605963206845,10,13,0.022
2382214,Ancient,3.9909620394850696,1.6517824599412754,13,3,0.022
2382214,Dust2,5.127316836252153,1.9441448168423245,13,7,0.022
2382215,Dust2,3.8323990508113486,0.07463417891776389,13,5,0.022
2382215,Nuke,2.4163111362033054,0.07463417891776389,13,1,0.022
2382216,Dust2,3.4119709054717346,0.7380551616569656,13,4,0.038
2382216,Mirage,3.840132650005441,2.400619499917034,7,13,0.038
2382216,Inferno,4.5407598891621115,1.9869139130486597,13,9,0.038
2382217,Mirage,3.767500751757978,3.0082290694077227,9,13,0.038
2382217,Nuke,4.478497245123527,0.3608378998255308,13,9,0.038
2382217,Dust2,4.467965086166088,0.4377034482365893,13,10,0.038
2382218,Dust2,4.3926941905638035,1.0579745045319457,13,6,0.054
2382218,Nuke,3.6455254196259856,2.932582279243283,6,13,0.054
2382218,Mirage,4.594561283304402,0.9704058128285251,13,10,0.054
2382218,Anubis,4.619067636699708,2.034243051857913,13,8,0.054
2382248,Mirage,4.0108679616323135,0.9585925707027281,13,11,0.073
2382248,Nuke,3.2738471942610308,3.0257098862354894,8,13,0.073
2382248,Train,3.0462574369426094,2.18605211056502,3,13,0.073
2382249,Train,2.0029325585238884,2.6633528499722057,13,7,0.027
2382249,Nuke,0.6558603320331523,3.424209434800846,9,13,0.027
2382249,Mirage,0.7666850709032533,2.565212446626674,7,13,0.027
2382250,Anubis,0.7552517287243513,1.0932951068998347,10,13,0.099
2382250,Inferno,4.104434819903101,0.45426614964274264,13,6,0.093
2382250,Dust2,1.6307140382412413,0.6115898107057873,13,6,0.096
2382251,Dust2,0.15491406962033158,2.0637532790237025,5,13,0.023
2382251,Nuke,0.46689989591549463,3.6039268450490844,10,13,0.022
2382251,Mirage,1.599960237821095,2.6499117670389323,13,5,0.022
2382251,Train,0.28889795675179397,3.3090663473313633,13,16,0.022
2382252,Mirage,11.007335770520283,9.145499854542434,13,8,0.011
2382253,Default,1.7742908722955124,-1.3278258295736942,1,0,0.083
2382254,Inferno,3.0371128003419843,2.272825169870495,11,13,0.137
2382254,Ancient,3.095941357458758,2.5162201645393374,13,16,0.137
2382255,Mirage,1.515748999668624,0.8361445449540754,8,13,0.086
2382255,Train,1.5550201050867059,0.16089876354856117,13,9,0.083
2382255,Nuke,4.117581250580167,0.461697040345706,13,11,0.08
2382256,Mirage,0.3774203048913509,1.6020588519815433,9,13,0.217
2382256,Nuke,1.7770772242264228,1.5907121179419121,13,9,0.223
2382256,Anubis,0.3801135178628041,2.0870132412544273,5,13,0.223
2382257,Nuke,0.6792750792688216,1.6358404223075123,11,13,0.274
2382257,Mirage,0.08407351075647551,1.1026107045188045,4,13,0.274
2382258,Mirage,1.8844839919192273,0.7126741211620824,13,9,0.086
2382258,Nuke,1.8080672900221195,0.05759416649458231,13,4,0.083
2382259,Default,4.64417433181109,2.742553928971947,1,0,0.061
2382260,Nuke,4.017632187733932,1.8168893940105437,13,5,0.054
2382260,Dust2,3.1197244269625997,0.4944351205081877,13,2,0.054
2382261,Mirage,2.0431289350247512,0.5824923836846126,13,8,0.185
2382261,Anubis,1.8371227025860979,0.7431684290497277,16,13,0.182
2382262,Anubis,2.243704493169918,-0.01454581103888397,13,3,0.297
2382262,Inferno,2.4661725982994924,0.0836476285069574,16,14,0.297
2382263,Dust2,4.559362523893655,0.9588449360787301,16,14,0.073
2382263,Anubis,3.9622704428580087,1.1400983416777313,9,13,0.073
2382263,Inferno,4.763400485926872,1.8218854458496894,13,9,0.073
2382264,Ancient,1.998683611089959,0.1268377161558327,13,9,0.223
2382264,Inferno,1.8759553777744997,-0.027264776946476676,13,5,0.22
2382265,Anubis,1.652878659297124,0.24501183851403513,13,9,0.399
2382265,Mirage,1.7743489469886995,0.557289986510869,19,17,0.405
2382266,Dust2,2.8564884134228516,-0.155688654805414,13,5,0.137
2382266,Nuke,2.6412991799316985,0.5317467740563431,13,9,0.137
2382267,Inferno,-0.4016914912242351,1.8375074237691598,7,13,0.23
2382267,Train,-0.45228344011918237,1.8689419677469365,7,13,0.227
2382268,Dust2,0.12767593846968878,2.8078940614495806,6,13,0.217
2382268,Ancient,0.3820525818121872,0.7606959927813116,11,13,0.22
2382269,Train,1.1410096989227518,2.404571077541705,8,13,0.303
2382269,Nuke,1.174857811650161,1.994765477483465,13,8,0.322
2382269,Mirage,0.5315995524953004,1.5185393272018841,17,19,0.303
2382270,Nuke,2.9759258136995768,1.9428051350032471,16,19,0.089
2382270,Dust2,0.18275477687002079,2.113832564209881,8,13,0.093
2382271,Dust2,4.192687341823735,0.42166224311645584,13,8,0.041
2382271,Inferno,4.237243360633965,1.2540862815506773,13,6,0.041
2382272,Train,4.10549099205384,3.437785555823696,13,10,0.124
2382272,Inferno,2.116934626039057,-0.05896765546171472,13,3,0.128
2382274,Nuke,1.9291412108384876,1.195233980121736,19,15,0.093
2382274,Dust2,4.8741145203862475,1.6507692196869805,13,8,0.093
2382275,Inferno,5.130544884440968,1.1727490208818192,13,11,0.077
2382275,Ancient,4.144108325720918,1.2630330110827817,8,13,0.077
2382275,Mirage,1.9550424242286284,1.5282192174449791,13,11,0.08
2382276,Ancient,3.375156626795499,0.6443772430578182,13,3,0.041
2382276,Anubis,3.6545443293916158,0.03516855744015307,13,5,0.041
2382277,Mirage,1.6633698069617828,-0.17445588809548807,13,3,0.045
2382277,Ancient,3.1995668105756705,0.335130975091593,13,1,0.041
2382284,Ancient,8.396433975367383,10.226408255707463,5,13,0.022
2382284,Inferno,10.527547127119883,10.029419773640694,13,11,0.022
2382284,Anubis,9.940711943112928,10.308546923884357,13,7,0.022
2382285,Anubis,4.293332259319565,1.3020645299695564,16,12,0.041
2382285,Ancient,2.594673773816687,0.6623544435739086,13,2,0.041
2382286,Nuke,5.482505413459919,1.9325908783697086,16,13,0.022
2382286,Anubis,4.063411770739937,2.8233462849332867,10,13,0.022
2382286,Inferno,4.998963307570159,1.9158721845475086,13,9,0.022
2382287,Ancient,3.40536870982051,2.507908718104894,6,13,0.041
2382287,Mirage,4.29873998684196,1.6057990374846898,13,10,0.041
2382287,Inferno,4.263789429155679,1.4904772915805258,13,6,0.041
2382288,Nuke,1.1844643933343033,0.4144232092143198,9,13,0.211
2382288,Mirage,0.5721449787875743,0.6241445528894387,7,13,0.214
2382289,Ancient,1.198854539066956,1.006165691143783,10,13,0.294
2382289,Dust2,2.097207514361056,0.665822609265365,13,9,0.29
2382289,Nuke,1.4203942470300492,0.7841946079722932,13,9,0.294
2382290,Inferno,1.742066627628393,-0.4260203055516637,13,11,0.341
2382290,Train,1.8704729156894269,-0.1086363032437718,13,6,0.345
2382291,Dust2,1.1029829338761863,0.23956771984095399,13,7,0.211
2382291,Anubis,1.4766995148851543,0.7240461627346051,16,14,0.211
2382292,Nuke,0.7335240839311361,2.0465092193112833,5,13,0.22
2382292,Mirage,3.373059508226033,1.2934803474146874,13,3,0.214
2382292,Anubis,0.5521025603379471,1.6286659474304845,13,16,0.217
2382293,Dust2,1.444293209051646,1.4012900283086351,4,13,0.185
2382293,Anubis,0.5163070559862716,1.1444793171317735,4,13,0.182
2382294,Dust2,3.604506607921085,1.565159206991881,11,13,0.249
2382294,Train,1.892622112603762,0.7026926477332256,13,6,0.243
2382294,Nuke,1.8248477979384914,1.37479248756507,13,10,0.246
2382295,Nuke,-0.20226502095402685,1.7980542164485045,11,13,0.163
2382295,Mirage,-0.2095629106553326,1.198692718674512,4,13,0.156
2382304,Default,0.6008799568317009,1.5530317463796368,0,1,0.147
2382308,Nuke,1.6509635488018044,3.7555312758749824,13,9,0.147
2382308,Train,0.9124012196234854,2.6491865970196398,10,13,0.153
2382308,Mirage,1.0681527036738208,4.075980031704029,17,19,0.147
2382309,Ancient,1.517354085579042,1.14821392746289,13,10,0.211
2382309,Nuke,1.3340141623420152,0.8060458632865855,13,0,0.204
2382310,Dust2,0.09489373422914524,2.510049003031126,7,13,0.156
2382310,Inferno,2.931359930031719,2.648960932530307,10,13,0.15
2382320,Mirage,1.4005200863286398,0.32485821284921235,13,7,0.3
2382320,Dust2,1.96956692367576,-0.12465554271769147,13,11,0.3
2382321,Ancient,3.7587490574291045,1.5139661122437715,13,3,0.022
2382321,Nuke,4.925839622297675,2.356059908548935,13,10,0.022
2382322,Default,2.4640779545505134,1.4457150246791388,1,0,0.041
2382322,Ancient,4.545794973370517,3.595142929471137,9,13,0.041
2382322,Mirage,4.545794973370517,3.595142929471137,9,13,0.041
2382323,Ancient,5.055859777378529,2.483218166586333,13,0,0.026
2382323,Mirage,6.357640807218387,2.483218166586333,13,5,0.026
2382324,Nuke,4.034400497476631,0.1508336110266892,13,9,0.022
2382324,Dust2,4.808973641846525,1.7968872898550015,16,14,0.022
2382337,Mirage,2.447678345720076,1.2870148266553112,16,14,0.172
2382337,Dust2,1.9280953424086633,1.3149176617295824,13,8,0.172
2382338,Nuke,2.681634288682204,0.7647661505218989,13,2,0.022
2382338,Inferno,4.0347685758390135,1.6924008267189106,10,13,0.022
2382338,Ancient,3.581561349591868,0.7171357242753023,13,4,0.022
2382339,Train,4.064654949969061,6.918753075443881,6,13,0.057
2382339,Nuke,3.6027048985021466,6.874252568448183,5,13,0.057
2382340,Ancient,3.618302881342266,3.3380190614401952,17,19,0.041
2382340,Dust2,4.092524242949704,0.28011213358360737,13,6,0.041
2382340,Train,4.484270561254477,2.010511672705268,13,7,0.041
2382341,Mirage,3.296078925118305,4.247018963520938,3,13,0.061
2382341,Ancient,2.77745809432259,4.813748678158748,1,13,0.061
2382342,Anubis,5.40299872278363,3.8210715023231,10,13,0.057
2382342,Ancient,5.410868534069015,2.4612352873410273,2,13,0.057
2382343,Dust2,0.5537793232418634,4.278024351690255,10,13,0.064
2382343,Nuke,2.1824970871740965,6.5992514200443875,5,13,0.061
2382344,Dust2,0.1214606190508981,4.557642950591461,3,13,0.054
2382344,Anubis,2.58804062530173,5.220309237849218,3,13,0.054
2382370,Ancient,4.512866789983292,2.138509508698888,22,18,0.022
2382370,Anubis,4.014679612189513,2.1491989460586196,13,10,0.022
2382371,Anubis,4.8770660416125535,3.6260707095312146,13,1,0.022
2382371,Inferno,6.4076802642382376,3.6260707095312146,13,4,0.022
2382375,Inferno,1.9151506541602155,-0.11967438774241684,13,5,0.056
2382375,Dust2,1.8048060899012688,-0.29067090735556944,13,11,0.056
2382376,Anubis,3.1608340099901318,0.38468078828960256,13,4,0.011
2382376,Ancient,3.365226459778251,3.28033976728947,9,13,0.011
2382376,Nuke,3.41593185480545,3.3491473037573907,11,13,0.011
2382377,Anubis,2.073164134182199,1.9447478661480893,13,7,0.077
2382377,Mirage,4.384141843438752,0.5365741779614676,13,7,0.08
2382378,Nuke,2.621793785022385,2.140219482750853,13,6,0.029
2382378,Inferno,5.037125884912072,1.10215152503962,13,9,0.03
2382379,Dust2,4.27838264212427,1.557150204574508,13,9,0.021
2382379,Mirage,1.9385436323217775,0.8363293511156413,13,9,0.022
2382380,Ancient,5.162074342542282,2.8374668232959728,13,10,0.018
2382380,Inferno,1.6355302447642106,0.9368248496716113,13,10,0.02
2382381,Dust2,1.1785763267615097,0.9241423324382879,13,9,0.099
2382381,Anubis,2.9134074275089357,2.3984989927360925,10,13,0.093
2382381,Mirage,0.9772278944013961,1.097552147876552,6,13,0.096
2382382,Train,1.2742332917946515,-0.22554128908406149,13,6,0.057
2382382,Nuke,3.223091240428072,0.9569575394710177,13,5,0.061
2382383,Dust2,3.727817184664213,1.649391780454799,13,5,0.054
2382383,Train,4.992331449866566,2.0095003918517116,13,11,0.054
2382384,Mirage,3.1152898002176346,3.2681276147275096,12,16,0.07
2382384,Inferno,3.0863075648108143,3.0701372754783827,8,13,0.07
2382411,Anubis,4.897254116545221,1.7834480760380669,13,7,0.022
2382411,Nuke,5.727325104779055,2.0359134535269208,13,11,0.022
2382412,Anubis,3.3195862447159517,2.321834524455653,13,4,0.022
2382412,Mirage,4.219221894163462,2.9587533780362074,13,6,0.022
2382487,Train,11.767102418912348,10.243383532428357,13,11,0.006
2382496,Nuke,4.558877860106571,2.2240978094001544,13,7,0.073
2382496,Anubis,4.499423168791132,2.219944013705914,13,8,0.073
2382497,Dust2,2.0371701041727843,2.2074669895105496,13,9,0.057
2382497,Ancient,3.5073304939675243,3.011803179614001,6,13,0.057
2382497,Anubis,0.74466291607943,2.5887394626833555,8,13,0.057
2382508,Ancient,-0.32749586595393165,2.157489608349696,6,13,0.227
2382508,Mirage,0.7407868662538845,2.067305501898328,11,13,0.227
2382509,Ancient,3.4755692732490138,1.8496821137801862,7,13,0.07
2382509,Dust2,3.1739049455444177,0.5966522727380584,13,3,0.07
2382509,Anubis,4.123222414360587,0.8367803884977358,13,8,0.07
2382511,Anubis,1.6987368231201676,1.2828430912042943,8,13,0.399
2382511,Mirage,2.161015244135355,1.22855261113485,13,11,0.393
2382511,Nuke,1.8420685665027914,1.3319152853443934,13,5,0.396
2382512,Inferno,3.8926636475550875,0.6386485297352389,9,13,0.214
2382512,Anubis,1.078426152113245,1.7465729908593512,13,16,0.217
2382513,Train,4.332623512384377,0.11454332437937301,13,8,0.223
2382513,Dust2,2.235311507522019,-0.21063885607857524,13,8,0.227
2382514,Default,5.083542988243164,1.1609125589578848,1,0,0.131
2382515,Nuke,1.8332551573838134,0.16715410440293008,13,4,0.185
2382515,Dust2,1.877403255573951,-0.16089496909603668,13,10,0.185
2382524,Anubis,1.3526800572196447,0.21253052850533638,13,8,0.118
2382524,Dust2,1.4056985892086802,0.5198399231868687,19,15,0.118
2382525,Mirage,0.5612263790709188,1.8032595162313811,1,13,0.262
2382525,Dust2,0.11476770611973755,1.8525467375469888,2,13,0.265
2382526,Train,-0.10957404486816223,1.4821790860794617,5,13,0.083
2382526,Nuke,0.017936558034796043,1.6073492255649953,13,16,0.083
2382527,Anubis,4.706124011177707,1.6588590904603386,13,9,0.077
2382527,Inferno,2.241159122454402,1.3325822107165675,13,10,0.077
2382528,Train,4.303011086656386,0.7062178830053449,13,10,0.102
2382528,Inferno,3.270685816275123,1.6510483375961038,13,4,0.102
2382529,Ancient,4.589713472408798,0.5946186261558973,13,10,0.07
2382529,Dust2,3.1591313433582666,0.549430573205425,13,2,0.07
2382530,Train,1.2326783138319315,1.3657914377031415,11,13,0.252
2382530,Dust2,1.6034194139909244,2.512660040777277,13,8,0.246
2382530,Ancient,0.9240286640464784,1.1779812892775172,7,13,0.249
2382543,Ancient,0.1964383491199216,0.9374517744693864,4,13,0.061
2382543,Train,0.6268529035836417,1.8795136976573905,6,13,0.061
2382544,Ancient,0.449586974841008,3.297267044774973,6,13,0.038
2382544,Nuke,0.011338220477160987,2.0305695293410295,5,13,0.038
2382545,Train,3.4734028602603035,2.77850614784935,13,3,0.115
2382545,Nuke,1.746390570653562,1.024485349831707,13,11,0.118
2382546,Ancient,4.505377557542602,1.8460110604115063,11,13,0.077
2382546,Train,2.330250435917516,0.13609092292243544,13,6,0.08
2382546,Mirage,5.240570411596644,1.187478101291853,13,7,0.077
2382547,Train,4.8061172743288365,0.8014352315917027,13,11,0.073
2382547,Nuke,2.18747019099158,0.6520981002721872,13,0,0.073
2382548,Train,1.027704477936382,3.1364395238903966,19,22,0.041
2382548,Ancient,0.9421136170440635,2.3473428517431594,10,13,0.041
2382549,Mirage,0.6569312669522694,1.199899704505257,4,13,0.121
2382549,Ancient,-0.1488563538110753,0.3860018139733228,4,13,0.118
2382550,Dust2,4.352930647039872,1.5818343147094402,11,13,0.077
2382550,Inferno,4.9873413784770015,0.6355428940917844,19,16,0.077
2382550,Train,2.396045466725333,1.901484268879351,19,17,0.08
2382551,Anubis,2.00889836411714,-0.17801302540123545,13,3,0.22
2382551,Nuke,2.1579877076030107,1.6810591297122224,13,7,0.217
2382552,Anubis,1.6755998534128735,2.091393038064063,13,1,0.313
2382552,Inferno,1.6027777577913687,1.749561366526917,3,13,0.306
2382552,Nuke,1.4544072966039174,1.7643964501703036,8,13,0.322
2382553,Default,2.7864061468924266,0.8999035435358015,0,1,0.204
2382554,Anubis,1.6441321357247929,1.5848614447972824,13,7,0.118
2382554,Ancient,0.9938940658544716,2.35057731473841,11,13,0.118
2382554,Mirage,2.5104384156387574,2.1266820290277906,16,12,0.121
2382555,Train,0.6990506795471254,1.9724876171153862,9,13,0.227
2382555,Anubis,1.2957190007227855,1.87026997116703,13,2,0.23
2382555,Inferno,0.7697294362782198,1.8972586053382352,8,13,0.23
2382556,Train,-0.15687927376036986,1.5627373890142133,17,19,0.255
2382556,Ancient,-0.22786845796532595,1.4724800169887167,9,13,0.252
2382557,Dust2,4.272335413880954,0.2950406437982176,16,12,0.15
2382557,Mirage,1.9291836649177974,-0.08979546773784913,13,5,0.156
2382558,Nuke,0.8525394650790583,1.6046236978444695,9,13,0.249
2382558,Anubis,1.5576968258166528,1.1593034352155576,13,3,0.239
2382558,Dust2,1.4459056705450193,2.01017330690643,13,9,0.236
2382559,Nuke,2.001691925757331,0.7435785575988323,13,2,0.223
2382559,Dust2,1.8324218763254565,-0.12504392415983007,13,4,0.217
2382560,Anubis,2.9701926075550835,0.8089061357938172,13,5,0.217
2382560,Mirage,0.5150623339569732,0.9800579500102519,13,9,0.223
2382561,Mirage,1.627804056826596,-0.7108286977106772,13,5,0.134
2382561,Dust2,3.315658697764992,0.6045467791549496,13,4,0.131
2382620,Inferno,12.943600311932498,6.959802386231234,13,5,0.038
2382621,Dust2,7.149953891127552,11.084005265367065,10,13,0.089
2382622,Mirage,5.257606594747616,2.5294475111826467,13,7,0.054
2382623,Ancient,12.51434139883366,11.019511067197367,13,10,0.022
2382624,Dust2,1.1824995814484776,0.5556087820074392,13,6,0.089
2382624,Nuke,4.590506943991766,1.848219530315058,3,13,0.08
2382624,Inferno,2.2936438681506996,1.343890004713628,13,6,0.083
2382625,Nuke,0.7991341590849441,2.136069529998908,13,10,0.077
2382625,Train,0.28732938041406847,2.98145476445698,9,13,0.077
2382625,Anubis,2.9208193405535017,3.16406905422567,9,13,0.077
2382626,Ancient,4.407818842934098,2.6384947248021575,1,13,0.038
2382626,Train,1.7078407066567403,1.547933348810955,13,7,0.038
2382626,Mirage,1.3105297886066645,1.8144504358475035,1,13,0.038
2382663,Nuke,1.2662175721444355,0.9364938201087913,4,13,0.294
2382663,Ancient,1.3978993496208931,0.696266632434229,19,16,0.294
2382663,Inferno,2.048174663885042,0.315809750818434,13,11,0.29
2382664,Train,2.7954382942495286,2.133524105063456,11,13,0.319
2382664,Dust2,0.6624091581819759,1.9836448675883809,9,13,0.326
2382665,Mirage,1.5790009336775157,0.22742907805762452,13,5,0.156
2382665,Nuke,1.851690496729371,0.09473364036856796,13,10,0.163
2382666,Train,1.4311684579174724,-0.05078231758871504,13,6,0.252
2382666,Ancient,1.5516497737410861,0.5129854565325732,13,11,0.249
2382667,Train,1.1306286999198287,1.2691555384229616,13,5,0.303
2382667,Nuke,1.1521100496534624,1.7231572754300493,13,2,0.322
2382668,Inferno,0.18974968449845636,2.7097935491199627,11,13,0.31
2382668,Mirage,-0.07422415248336975,1.6961610217385388,11,13,0.316
2382669,Dust2,1.7185368037622486,0.3354088958394253,13,9,0.249
2382669,Ancient,1.6508446535911216,-0.34357806753051423,13,4,0.239
2382670,Dust2,-0.1780115238519121,1.7951846981175759,9,13,0.115
2382670,Ancient,2.9374071318933375,3.4842999063886246,17,19,0.112
2382671,Anubis,2.532282833714826,1.143482328566179,13,3,0.054
2382671,Mirage,2.750405435546392,1.143482328566179,13,5,0.054
2382673,Train,-0.8912426566335776,2.874341693517691,7,13,0.128
2382673,Ancient,-0.20417777520553954,1.5004181926054312,4,13,0.134
2382675,Mirage,0.4524847227721629,2.63224247762961,9,13,0.038
2382675,Nuke,0.10268305537527297,3.2012960076156998,10,13,0.038
2382676,Inferno,2.9240924054266286,2.02334631353219,4,13,0.018
2382676,Dust2,3.165514874816721,4.201434718282828,7,13,0.017
2382677,Inferno,2.226296538650425,1.8460676004050434,19,17,0.021
2382677,Dust2,0.504316624804864,1.5421775183621016,5,13,0.021
2382677,Anubis,4.620395698384809,0.24975392142734978,13,11,0.022
2382678,Dust2,0.4883940175023216,1.397072794633317,10,13,0.048
2382678,Anubis,-0.26864651892663416,2.52067248663754,6,13,0.049
2382683,Inferno,2.4447800729872626,2.5768613894281414,8,13,0.02
2382683,Train,2.6672856741649054,2.6513947165378275,2,13,0.018
2382684,Ancient,1.9881280927509173,2.1036661607201035,13,9,0.029
2382684,Nuke,3.4452683536348627,1.813178211423848,13,16,0.028
2382684,Dust2,1.566321155873667,0.7770111695810146,13,3,0.03
2382685,Mirage,3.108482772884566,2.157413501234207,13,10,0.022
2382685,Anubis,4.534508197674346,2.4237125241103326,13,4,0.021
2382686,Inferno,0.03328092416058311,1.318718326392576,4,13,0.083
2382686,Nuke,2.9091277218036407,1.855421957863719,4,13,0.081
2382688,Inferno,-0.1584487160315492,2.03216804701833,7,13,0.02
2382688,Dust2,2.9049135947515294,3.5936717848374946,9,13,0.018
2382696,Anubis,-0.7422365954266043,4.1874420205643235,7,13,0.07
2382696,Mirage,2.854149184509134,4.765120179986733,9,13,0.07
2382697,Dust2,4.492280108307883,1.876136899655045,16,13,0.073
2382697,Ancient,3.78542177627709,0.761411200177692,10,13,0.073
2382697,Train,4.048346987073956,0.463307128147466,13,8,0.073
2382698,Dust2,5.841242117642407,6.153773314972979,7,13,0.08
2382698,Nuke,5.9911633377060305,4.529224089828587,13,9,0.08
2382698,Mirage,6.451294733347341,6.305845118693424,13,9,0.08
2382701,Train,3.115738135991833,5.066216111602147,8,13,0.08
2382701,Nuke,3.115738135991833,5.066216111602147,8,13,0.08
2382702,Ancient,2.9993873207276467,1.7123415065562104,5,13,0.038
2382702,Dust2,3.5695520499840145,0.08133915914820815,13,9,0.038
2382702,Anubis,4.528243180982657,1.8258283411421432,16,13,0.038
2382703,Mirage,4.3080004984588305,3.82340926438326,8,13,0.038
2382703,Ancient,4.405696084155689,4.899460526603311,14,16,0.038
2382704,Anubis,13.117338053488233,11.255149763262613,13,11,0.038
2382705,Inferno,4.063014755341604,1.4789467216806385,13,7,0.041
2382705,Dust2,3.086819015314472,-0.608794226572275,13,4,0.041
2382706,Dust2,1.4269001211751142,0.9221268370482616,13,10,0.3
2382706,Mirage,0.8027711193790793,1.6162712930049252,9,13,0.3
2382706,Anubis,0.37656273266146606,1.4825511496876842,5,13,0.297
2382707,Nuke,0.3432225733322199,1.4028166847677064,9,13,0.249
2382707,Mirage,1.8956785244193155,2.2548517955428475,13,10,0.249
2382707,Ancient,0.24380227228568876,2.9090473240937653,12,16,0.236
2382708,Train,1.9760371643822496,0.3426598509235087,13,10,0.354
2382708,Nuke,1.4916312618550478,0.33495050494277745,13,10,0.348
2382709,Nuke,0.4172497999735853,1.5604335909637086,4,13,0.316
2382709,Mirage,0.507115140756405,1.6966942267775613,9,13,0.316
2382730,Ancient,4.7163947546121205,2.1578866202515634,13,11,0.022
2382730,Inferno,4.7163947546121205,2.1578866202515634,13,11,0.022
2382731,Nuke,4.604355379883454,2.3524732891544406,13,10,0.022
2382731,Inferno,3.86973803710865,1.9667504817572565,13,5,0.022
2382732,Anubis,0.3197518435011222,1.6378226341901394,16,19,0.08
2382732,Dust2,0.8382669002024102,2.8624925749756676,11,13,0.077
2382733,Default,2.013335879202954,1.2158771544030667,1,0,0.057
2382733,Dust2,3.4296078683699456,2.6788550684006505,6,13,0.057
2382733,Anubis,3.4076507457824756,3.039653411342181,9,13,0.057
2382734,Nuke,3.731681500634997,2.1039069191501154,13,10,0.054
2382734,Ancient,3.5099278513470176,1.9705978610904127,9,13,0.054
2382734,Dust2,3.6857176297098793,0.9459901577770276,13,10,0.054
2382735,Anubis,1.8940208929545226,1.565421436691822,13,7,0.045
2382735,Train,4.655851975020181,2.1549211589251875,13,8,0.041
2382740,Ancient,4.619393053423549,4.851464417657856,11,13,0.089
2382740,Anubis,2.4667662204711176,5.90734481149462,13,10,0.089
2382740,Dust2,3.2149158217629283,4.6464332602229215,7,13,0.089
2382741,Train,6.252242923080075,7.219069592126808,13,5,0.093
2382741,Inferno,5.812005286680182,6.928325326332735,10,13,0.093
2382741,Nuke,5.3983743546714,5.958661810848427,7,13,0.093
2382742,Nuke,5.028006383277259,7.2513933088569695,13,5,0.093
2382742,Ancient,3.6765602672443043,5.0144969568955435,11,13,0.096
2382742,Train,4.91245006122885,6.530086463238048,13,8,0.096
2382743,Dust2,-0.20431039478146815,0.9227241556153785,7,13,0.22
2382743,Train,2.9523611962802447,1.7095527042290628,7,13,0.211
2382744,Nuke,2.7531523465593675,2.4255221602923847,8,13,0.249
2382744,Mirage,0.5491148756596539,2.2786728956006357,10,13,0.249
2382745,Dust2,1.6058956882761084,1.2574848214346501,13,10,0.249
2382745,Ancient,0.9710020488665471,1.0650468543907399,16,14,0.239
2382759,Ancient,1.187874726979378,2.380456586476386,13,8,0.214
2382759,Dust2,1.0107953570153798,1.3296344657271493,5,13,0.217
2382759,Anubis,0.6141968809379941,1.650003463803934,2,13,0.223
2382761,Train,2.281678236662389,0.405435337261593,16,14,0.214
2382761,Anubis,0.9497859813177372,0.7587054129535766,10,13,0.204
2382761,Nuke,2.099134999101708,0.999737467066356,13,7,0.211
2382762,Dust2,0.33791905423982777,1.8166899468707693,11,13,0.08
2382762,Ancient,1.5701913218318955,2.3610635962581825,13,10,0.077
2382762,Train,0.49561816354934296,3.052246921252333,9,13,0.077
2382763,Mirage,0.32397487327346713,1.9227972858361062,11,13,0.086
2382763,Dust2,3.061156512391198,2.376495271947747,9,13,0.08
2382764,Mirage,1.4065118206901266,1.1991965737329948,13,1,0.086
2382764,Inferno,1.6629105155788209,-0.28125817293343275,13,3,0.083
2382773,Mirage,2.346751066083432,2.4228828211802016,13,8,0.077
2382773,Nuke,1.065519319330414,3.1404240328436783,9,13,0.077
2382773,Anubis,1.1886313294926922,0.969056195152872,13,4,0.08
2382774,Anubis,1.7942495449725535,1.3953350642502167,13,11,0.045
2382774,Mirage,4.572708502280314,1.9734251324041387,13,8,0.041
2382779,Anubis,0.836080809212473,1.7735431023894284,5,13,0.144
2382779,Ancient,1.9515261052000503,1.0662974741258333,13,5,0.147
2382779,Train,1.6968021567788496,2.0187346061858142,13,7,0.144
2382780,Mirage,0.8723790648865717,1.40271373119386,7,13,0.086
2382780,Inferno,1.6492982928903153,0.9191988904500279,13,9,0.083
2382780,Train,0.8890175941488003,1.2770718892619182,8,13,0.083
